{"cameraMode":{"drawMode":0,"name":"Shaded","section":"Shading Mode"},"sceneLighting":true,"audioPlay":false,"sceneViewState":{"showFog":true,"showMaterialUpdate":false,"showSkybox":true,"showFlares":true,"showImageEffects":true,"showParticleSystems":true},"in2DMode":false,"pivot":{"x":2.7786543369293215,"y":1.3235876560211182,"z":1.032442331314087},"rotation":{"x":0.0041023315861821178,"y":0.8212288618087769,"z":0.005905221216380596,"w":-0.5705554485321045},"size":0.5087741613388062,"orthographic":false}